//origem,destino,n.º de kms,portagem, n.º de minutos
Berlin,Madrid,113.9,323.66,2323.0
Berlin,Rome,0.0,210.72,1509.0
Berlin,Paris,16.2,147.61,1057.0
Berlin,Vienna,0.0,95.56,680.0
Berlin,Warsaw,28.7,81.06,579.0
Berlin,Hamburg,0.0,41.11,291.0
Berlin,Bucharest,0.0,238.64,1699.0
Berlin,Barcelona,89.4,261.15,1871.0
Berlin,Budapest,0.0,122.12,873.0
Berlin,Munich,0.0,82.17,586.0
Berlin,Prague,0.0,48.78,346.0
Berlin,Milan,4.2,144.65,1035.0
Berlin,Sofia,21.09,228.22,1634.0
Berlin,Cologne,0.0,80.44,574.0
Berlin,Stockholm,92.21,194.54,1394.0
Berlin,Amsterdam,0.0,92.52,659.0
Berlin,Naples,0.0,238.08,1707.0
Berlin,Marseille,63.5,215.56,1545.0
Berlin,Turin,25.0,160.88,1152.0
Berlin,Valencia,89.4,308.25,2211.0
Berlin,Kraków,7.66,83.39,596.0
Berlin,Zagreb,0.0,138.85,990.0
Berlin,Frankfurt,0.0,76.56,546.0
Berlin,Seville,113.9,387.34,2781.0
Berlin,Zaragoza,89.4,298.8,2143.0
Berlin,Helsinki,65.26,229.46,1550.0
Berlin,Wrocław,0.0,48.71,347.0
Berlin,Rotterdam,0.0,97.27,694.0
Berlin,Copenhagen,26.95,105.47,753.0
Berlin,Łódź,28.7,65.62,465.0
Berlin,Athens,63.71,326.04,2338.0
Berlin,Stuttgart,0.0,89.15,637.0
Berlin,Düsseldorf,0.0,78.33,559.0
Berlin,Palermo,0.0,333.0,2379.0
Madrid,Berlin,113.9,288.24,2318.0
Madrid,Rome,113.3,240.82,1937.0
Madrid,Paris,97.7,158.27,1272.0
Madrid,Vienna,77.7,296.96,2386.0
Madrid,Warsaw,142.6,355.81,2862.0
Madrid,Hamburg,113.9,270.51,2176.0
Madrid,Bucharest,149.23,395.1,3167.0
Madrid,Barcelona,0.0,77.54,622.0
Madrid,Budapest,123.4,311.47,2508.0
Madrid,Munich,77.7,242.76,1952.0
Madrid,Prague,108.4,278.59,2241.0
Madrid,Milan,91.6,194.22,1563.0
Madrid,Sofia,161.53,368.0,2962.0
Madrid,Cologne,113.9,218.16,1754.0
Madrid,Stockholm,206.11,408.89,3292.0
Madrid,Amsterdam,116.6,220.41,1772.0
Madrid,Naples,141.6,266.09,2142.0
Madrid,Marseille,35.3,135.28,1088.0
Madrid,Turin,0.0,180.4,1450.0
Madrid,Valencia,0.0,44.49,356.0
Madrid,Kraków,116.06,344.04,2769.0
Madrid,Zagreb,124.4,270.87,2179.0
Madrid,Frankfurt,148.9,230.53,1855.0
Madrid,Seville,3.2,66.42,533.0
Madrid,Zaragoza,0.0,39.77,318.0
Madrid,Helsinki,0.0,624.98,5031.0
Madrid,Wrocław,108.4,314.1,2529.0
Madrid,Rotterdam,116.6,212.64,1710.0
Madrid,Copenhagen,140.85,329.46,2651.0
Madrid,Łódź,108.4,341.42,2748.0
Madrid,Athens,204.15,455.17,3667.0
Madrid,Stuttgart,108.4,221.78,1783.0
Madrid,Düsseldorf,113.9,219.12,1762.0
Madrid,Palermo,154.5,350.93,2812.0
Rome,Berlin,0.0,220.35,1510.0
Rome,Madrid,117.55,285.77,1960.0
Rome,Paris,0.0,208.22,1425.0
Rome,Vienna,59.8,160.13,1097.0
Rome,Warsaw,59.8,257.59,1766.0
Rome,Hamburg,0.0,242.61,1662.0
Rome,Bucharest,78.13,274.61,1875.0
Rome,Barcelona,113.0,198.14,1357.0
Rome,Budapest,52.3,177.83,1219.0
Rome,Munich,0.0,134.18,918.0
Rome,Prague,0.0,190.11,1302.0
Rome,Milan,44.4,84.18,574.0
Rome,Sofia,90.43,243.75,1671.0
Rome,Cologne,50.2,204.29,1401.0
Rome,Stockholm,0.0,417.1,2863.0
Rome,Amsterdam,50.2,241.1,1654.0
Rome,Naples,17.4,33.79,228.0
Rome,Marseille,77.7,130.49,892.0
Rome,Turin,59.6,101.37,692.0
Rome,Valencia,113.0,247.54,1698.0
Rome,Kraków,67.46,226.42,1552.0
Rome,Zagreb,53.3,130.2,890.0
Rome,Frankfurt,50.2,180.83,1239.0
Rome,Seville,113.0,342.07,2347.0
Rome,Zaragoza,113.0,237.59,1629.0
Rome,Helsinki,59.8,421.85,2865.0
Rome,Wrocław,0.0,239.78,1645.0
Rome,Rotterdam,67.7,235.31,1614.0
Rome,Copenhagen,0.0,323.99,2222.0
Rome,Łódź,59.8,243.99,1672.0
Rome,Athens,133.05,346.16,2376.0
Rome,Stuttgart,0.0,158.15,1080.0
Rome,Düsseldorf,50.2,209.95,1440.0
Rome,Palermo,30.3,133.31,900.0
Paris,Berlin,16.2,148.6,1056.0
Paris,Madrid,97.7,178.88,1276.0
Paris,Rome,0.0,200.45,1426.0
Paris,Vienna,33.8,174.17,1240.0
Paris,Warsaw,44.9,224.48,1600.0
Paris,Hamburg,16.2,128.62,914.0
Paris,Bucharest,33.8,326.62,2316.0
Paris,Barcelona,69.6,145.53,1037.0
Paris,Budapest,33.8,208.77,1490.0
Paris,Munich,44.1,117.08,832.0
Paris,Prague,33.8,145.44,1036.0
Paris,Milan,0.0,120.09,852.0
Paris,Sofia,0.0,304.95,2175.0
Paris,Cologne,16.2,69.68,492.0
Paris,Stockholm,0.0,284.72,2030.0
Paris,Amsterdam,18.9,72.67,510.0
Paris,Naples,0.0,227.95,1624.0
Paris,Marseille,68.9,109.05,775.0
Paris,Turin,0.0,109.14,776.0
Paris,Valencia,69.6,193.05,1377.0
Paris,Kraków,41.46,216.31,1544.0
Paris,Zagreb,0.0,195.66,1394.0
Paris,Frankfurt,33.8,80.71,574.0
Paris,Seville,97.7,242.97,1734.0
Paris,Zaragoza,106.21,151.42,1079.0
Paris,Helsinki,0.0,339.79,2338.0
Paris,Wrocław,33.8,181.45,1295.0
Paris,Rotterdam,22.9,64.08,451.0
Paris,Copenhagen,43.15,195.11,1389.0
Paris,Łódź,33.8,212.13,1514.0
Paris,Athens,0.0,403.27,2879.0
Paris,Stuttgart,44.1,87.66,622.0
Paris,Düsseldorf,16.2,70.77,500.0
Paris,Palermo,0.0,323.09,2296.0
Vienna,Berlin,0.0,86.26,682.0
Vienna,Madrid,130.6,299.43,2394.0
Vienna,Rome,59.8,137.52,1097.0
Vienna,Paris,33.8,156.52,1247.0
Vienna,Warsaw,0.0,85.25,676.0
Vienna,Hamburg,0.0,122.55,973.0
Vienna,Bucharest,0.0,135.35,1070.0
Vienna,Barcelona,130.6,226.31,1808.0
Vienna,Budapest,0.0,30.88,244.0
Vienna,Munich,0.0,51.27,404.0
Vienna,Prague,0.0,42.89,337.0
Vienna,Milan,38.7,106.2,848.0
Vienna,Sofia,21.09,126.06,1006.0
Vienna,Cologne,0.0,112.64,898.0
Vienna,Stockholm,0.0,259.74,2072.0
Vienna,Amsterdam,0.0,144.25,1150.0
Vienna,Naples,75.9,162.08,1296.0
Vienna,Marseille,95.3,168.14,1343.0
Vienna,Turin,56.6,121.61,971.0
Vienna,Valencia,130.6,268.63,2148.0
Vienna,Kraków,7.66,58.57,462.0
Vienna,Zagreb,6.4,47.02,372.0
Vienna,Frankfurt,0.0,90.0,716.0
Vienna,Seville,130.6,349.75,2797.0
Vienna,Zaragoza,130.6,260.14,2080.0
Vienna,Helsinki,0.0,223.16,1749.0
Vienna,Wrocław,0.0,55.22,426.0
Vienna,Rotterdam,0.0,145.84,1164.0
Vienna,Copenhagen,26.95,179.74,1430.0
Vienna,Łódź,0.0,73.61,582.0
Vienna,Athens,63.71,213.88,1709.0
Vienna,Stuttgart,0.0,78.58,623.0
Vienna,Düsseldorf,0.0,117.5,936.0
Vienna,Palermo,88.8,246.95,1967.0
Warsaw,Berlin,120.0,288.96,582.0
Warsaw,Madrid,596.22,1417.92,2871.0
Warsaw,Rome,250.02,875.09,1767.0
Warsaw,Paris,187.73,793.18,1604.0
Warsaw,Vienna,0.0,336.05,676.0
Warsaw,Hamburg,120.0,427.72,863.0
Warsaw,Bucharest,0.0,654.3,1282.0
Warsaw,Barcelona,373.77,1171.99,2371.0
Warsaw,Budapest,0.0,395.08,788.0
Warsaw,Munich,0.0,537.61,1086.0
Warsaw,Prague,0.0,322.86,643.0
Warsaw,Milan,161.8,750.47,1517.0
Warsaw,Sofia,88.18,771.28,1549.0
Warsaw,Cologne,120.0,552.95,1118.0
Warsaw,Stockholm,0.0,971.7,1967.0
Warsaw,Amsterdam,120.0,597.66,1207.0
Warsaw,Naples,317.33,971.53,1965.0
Warsaw,Marseille,265.49,1010.95,2045.0
Warsaw,Turin,236.64,811.35,1640.0
Warsaw,Valencia,373.77,1337.02,2707.0
Warsaw,Kraków,0.0,150.51,300.0
Warsaw,Zagreb,26.76,516.29,1041.0
Warsaw,Frankfurt,120.0,539.21,1089.0
Warsaw,Seville,596.22,1641.5,3324.0
Warsaw,Zaragoza,373.77,1303.57,2639.0
Warsaw,Helsinki,0.0,557.34,1103.0
Warsaw,Wrocław,0.0,179.18,359.0
Warsaw,Rotterdam,120.0,612.55,1237.0
Warsaw,Copenhagen,232.67,653.75,1321.0
Warsaw,Łódź,0.0,68.59,133.0
Warsaw,Athens,266.31,1118.09,2254.0
Warsaw,Stuttgart,0.0,560.4,1132.0
Warsaw,Düsseldorf,120.0,545.5,1102.0
Warsaw,Palermo,371.26,1309.14,2636.0
Hamburg,Berlin,0.0,41.17,291.0
Hamburg,Madrid,113.9,301.7,2167.0
Hamburg,Rome,0.0,232.66,1665.0
Hamburg,Paris,16.2,125.63,900.0
Hamburg,Vienna,0.0,135.86,972.0
Hamburg,Warsaw,28.7,119.82,859.0
Hamburg,Bucharest,0.0,279.45,1991.0
Hamburg,Barcelona,89.4,252.61,1814.0
Hamburg,Budapest,0.0,162.47,1165.0
Hamburg,Munich,0.0,110.54,792.0
Hamburg,Prague,0.0,89.24,639.0
Hamburg,Milan,4.2,154.58,1108.0
Hamburg,Sofia,21.09,268.69,1926.0
Hamburg,Cologne,0.0,60.45,432.0
Hamburg,Stockholm,92.21,155.79,1116.0
Hamburg,Amsterdam,0.0,65.54,467.0
Hamburg,Naples,0.0,260.07,1864.0
Hamburg,Marseille,63.5,207.13,1488.0
Hamburg,Turin,25.0,170.81,1225.0
Hamburg,Valencia,89.4,299.81,2154.0
Hamburg,Kraków,7.66,126.06,904.0
Hamburg,Zagreb,0.0,178.53,1281.0
Hamburg,Frankfurt,0.0,68.56,490.0
Hamburg,Seville,113.9,365.37,2625.0
Hamburg,Zaragoza,122.41,274.35,1970.0
Hamburg,Helsinki,0.0,401.0,2878.0
Hamburg,Wrocław,0.0,91.41,655.0
Hamburg,Rotterdam,0.0,70.32,502.0
Hamburg,Copenhagen,26.95,66.74,475.0
Hamburg,Łódź,28.7,104.43,745.0
Hamburg,Athens,55.91,366.66,2630.0
Hamburg,Stuttgart,0.0,91.59,654.0
Hamburg,Düsseldorf,0.0,56.17,401.0
Hamburg,Palermo,0.0,355.18,2535.0
Bucharest,Berlin,0.0,1033.42,1702.0
Bucharest,Madrid,42.31,1912.67,3176.0
Bucharest,Rome,0.0,1140.07,1883.0
Bucharest,Paris,168.24,1404.91,2325.0
Bucharest,Vienna,0.0,654.03,1072.0
Bucharest,Warsaw,0.0,797.89,1290.0
Bucharest,Hamburg,0.0,1205.9,1993.0
Bucharest,Barcelona,42.31,1563.81,2593.0
Bucharest,Budapest,0.0,512.89,835.0
Bucharest,Munich,0.0,899.92,1482.0
Bucharest,Prague,0.0,825.0,1357.0
Bucharest,Milan,0.0,980.85,1619.0
Bucharest,Sofia,0.0,234.92,384.0
Bucharest,Cologne,0.0,1194.81,1976.0
Bucharest,Stockholm,458.94,1876.83,3114.0
Bucharest,Amsterdam,0.0,1351.46,2235.0
Bucharest,Naples,469.03,1254.6,2078.0
Bucharest,Marseille,565.6,1283.61,2125.0
Bucharest,Turin,372.98,1060.58,1753.0
Bucharest,Valencia,741.31,1765.13,2931.0
Bucharest,Kraków,0.0,660.02,1067.0
Bucharest,Zagreb,123.6,604.71,991.0
Bucharest,Frankfurt,0.0,1086.38,1794.0
Bucharest,Seville,741.31,2153.63,3580.0
Bucharest,Zaragoza,741.31,1724.34,2862.0
Bucharest,Helsinki,0.0,1542.56,2513.0
Bucharest,Wrocław,38.1,822.55,1338.0
Bucharest,Rotterdam,0.0,1353.95,2242.0
Bucharest,Copenhagen,134.13,1493.93,2473.0
Bucharest,Łódź,38.1,824.22,1340.0
Bucharest,Athens,0.0,713.13,1181.0
Bucharest,Stuttgart,0.0,1031.29,1701.0
Bucharest,Düsseldorf,0.0,1218.19,2015.0
Bucharest,Palermo,533.25,1663.73,2749.0
Barcelona,Berlin,89.4,232.54,1870.0
Barcelona,Madrid,0.0,77.47,622.0
Barcelona,Rome,112.0,167.01,1343.0
Barcelona,Paris,69.6,129.05,1037.0
Barcelona,Vienna,77.7,224.58,1803.0
Barcelona,Warsaw,89.4,293.37,2361.0
Barcelona,Hamburg,89.4,225.47,1815.0
Barcelona,Bucharest,149.23,323.13,2584.0
Barcelona,Budapest,123.4,239.22,1926.0
Barcelona,Munich,77.7,170.38,1369.0
Barcelona,Prague,89.4,213.37,1716.0
Barcelona,Milan,91.6,121.95,980.0
Barcelona,Sofia,161.53,295.72,2379.0
Barcelona,Cologne,90.4,169.03,1359.0
Barcelona,Stockholm,0.0,363.89,2930.0
Barcelona,Amsterdam,88.5,191.18,1537.0
Barcelona,Naples,141.6,193.76,1559.0
Barcelona,Marseille,35.3,63.11,506.0
Barcelona,Turin,0.0,108.14,867.0
Barcelona,Valencia,13.08,43.69,350.0
Barcelona,Kraków,97.02,279.1,2246.0
Barcelona,Zagreb,124.4,198.68,1597.0
Barcelona,Frankfurt,89.4,165.34,1329.0
Barcelona,Seville,13.08,124.27,999.0
Barcelona,Zaragoza,0.0,38.87,312.0
Barcelona,Helsinki,0.0,579.48,4664.0
Barcelona,Wrocław,89.4,249.16,2005.0
Barcelona,Rotterdam,92.5,183.4,1473.0
Barcelona,Copenhagen,116.35,284.5,2289.0
Barcelona,Łódź,89.4,276.46,2224.0
Barcelona,Athens,204.15,382.99,3084.0
Barcelona,Stuttgart,89.4,156.89,1260.0
Barcelona,Düsseldorf,90.4,177.71,1426.0
Barcelona,Palermo,154.5,278.91,2231.0
Budapest,Berlin,0.0,43801.99,874.0
Budapest,Madrid,49408.86,126170.49,2525.0
Budapest,Rome,20991.74,61325.55,1223.0
Budapest,Paris,13566.36,74850.75,1496.0
Budapest,Vienna,0.0,12296.05,244.0
Budapest,Warsaw,0.0,43216.17,864.0
Budapest,Hamburg,0.0,58364.9,1166.0
Budapest,Bucharest,0.0,42333.71,835.0
Budapest,Barcelona,49408.86,96783.3,1935.0
Budapest,Munich,0.0,32801.74,654.0
Budapest,Prague,0.0,26554.01,529.0
Budapest,Milan,12522.8,48658.02,973.0
Budapest,Sofia,8466.78,38636.84,770.0
Budapest,Cologne,0.0,57414.07,1149.0
Budapest,Stockholm,0.0,113145.48,2264.0
Budapest,Amsterdam,0.0,70384.76,1407.0
Budapest,Naples,27453.82,71021.73,1421.0
Budapest,Marseille,36845.93,73816.65,1475.0
Budapest,Turin,19707.35,54817.97,1096.0
Budapest,Valencia,49408.86,113561.14,2273.0
Budapest,Kraków,0.0,20279.54,392.0
Budapest,Zagreb,2568.78,17470.68,347.0
Budapest,Frankfurt,0.0,48332.83,967.0
Budapest,Seville,49408.86,145985.6,2922.0
Budapest,Zaragoza,49408.86,110179.98,2205.0
Budapest,Helsinki,0.0,99574.2,1968.0
Budapest,Wrocław,0.0,30995.1,614.0
Budapest,Rotterdam,0.0,70330.18,1406.0
Budapest,Copenhagen,10815.83,81201.65,1623.0
Budapest,Łódź,0.0,38577.05,770.0
Budapest,Athens,25567.43,73791.88,1475.0
Budapest,Stuttgart,0.0,43713.21,873.0
Budapest,Düsseldorf,0.0,59339.41,1187.0
Budapest,Palermo,32631.52,105236.02,2092.0
Munich,Berlin,0.0,82.13,586.0
Munich,Madrid,77.7,273.1,1960.0
Munich,Rome,0.0,128.5,919.0
Munich,Paris,44.1,116.24,831.0
Munich,Vienna,0.0,56.88,404.0
Munich,Warsaw,0.0,152.29,1092.0
Munich,Hamburg,0.0,110.79,794.0
Munich,Bucharest,0.0,208.43,1480.0
Munich,Barcelona,77.7,191.15,1369.0
Munich,Budapest,0.0,91.29,654.0
Munich,Prague,0.0,53.99,384.0
Munich,Milan,4.2,68.86,491.0
Munich,Sofia,0.0,185.43,1329.0
Munich,Cologne,0.0,80.55,576.0
Munich,Stockholm,0.0,270.23,1940.0
Munich,Amsterdam,0.0,115.76,829.0
Munich,Naples,0.0,155.86,1118.0
Munich,Marseille,53.6,145.84,1046.0
Munich,Turin,25.0,85.09,608.0
Munich,Valencia,77.7,238.53,1712.0
Munich,Kraków,7.62,116.94,835.0
Munich,Zagreb,0.0,76.77,548.0
Munich,Frankfurt,0.0,55.32,395.0
Munich,Seville,77.7,328.89,2361.0
Munich,Zaragoza,77.7,229.08,1644.0
Munich,Helsinki,0.0,304.82,2094.0
Munich,Wrocław,0.0,101.5,727.0
Munich,Rotterdam,0.0,114.74,821.0
Munich,Copenhagen,26.95,181.3,1299.0
Munich,Łódź,0.0,132.01,946.0
Munich,Athens,0.0,283.37,2034.0
Munich,Stuttgart,0.0,31.16,219.0
Munich,Düsseldorf,0.0,85.96,615.0
Munich,Palermo,0.0,250.95,1790.0
Prague,Berlin,0.0,1016.62,347.0
Prague,Madrid,2730.82,6542.71,2251.0
Prague,Rome,0.0,3804.58,1304.0
Prague,Paris,844.48,3030.14,1040.0
Prague,Vienna,0.0,987.01,337.0
Prague,Warsaw,0.0,1920.8,654.0
Prague,Hamburg,0.0,1861.66,639.0
Prague,Bucharest,0.0,3982.55,1355.0
Prague,Barcelona,2233.62,5006.89,1721.0
Prague,Budapest,0.0,1541.97,529.0
Prague,Munich,0.0,1125.89,384.0
Prague,Milan,104.93,2529.3,868.0
Prague,Sofia,527.04,3756.75,1291.0
Prague,Cologne,0.0,2018.24,693.0
Prague,Stockholm,0.0,5045.64,1737.0
Prague,Amsterdam,0.0,2558.13,879.0
Prague,Naples,0.0,4366.85,1502.0
Prague,Marseille,1586.52,4063.0,1395.0
Prague,Turin,624.61,2867.83,984.0
Prague,Valencia,2233.62,5989.31,2061.0
Prague,Kraków,190.3,1564.01,536.0
Prague,Zagreb,0.0,1889.1,646.0
Prague,Frankfurt,0.0,1492.14,511.0
Prague,Seville,2233.62,7875.18,2711.0
Prague,Zaragoza,2233.62,5792.6,1993.0
Prague,Helsinki,0.0,5116.67,1734.0
Prague,Wrocław,0.0,862.16,289.0
Prague,Rotterdam,0.0,2657.45,914.0
Prague,Copenhagen,673.26,3188.52,1096.0
Prague,Łódź,0.0,1498.26,508.0
Prague,Athens,1661.48,5804.18,1996.0
Prague,Stuttgart,0.0,1417.22,484.0
Prague,Düsseldorf,0.0,2103.48,722.0
Prague,Palermo,0.0,6354.43,2174.0
Milan,Berlin,4.2,151.17,1035.0
Milan,Madrid,91.3,229.03,1571.0
Milan,Rome,44.4,84.09,573.0
Milan,Paris,0.0,124.66,852.0
Milan,Vienna,38.7,123.79,848.0
Milan,Warsaw,38.7,221.37,1517.0
Milan,Hamburg,4.2,161.85,1109.0
Milan,Bucharest,57.03,239.02,1627.0
Milan,Barcelona,91.3,143.57,983.0
Milan,Budapest,31.2,141.51,970.0
Milan,Munich,4.2,72.01,491.0
Milan,Prague,4.2,126.85,867.0
Milan,Sofia,69.33,207.46,1422.0
Milan,Cologne,4.2,120.38,825.0
Milan,Stockholm,0.0,323.96,2224.0
Milan,Amsterdam,4.2,157.19,1078.0
Milan,Naples,60.6,112.7,772.0
Milan,Marseille,56.0,75.91,518.0
Milan,Turin,17.9,21.1,141.0
Milan,Valencia,91.3,192.93,1323.0
Milan,Kraków,46.32,190.24,1303.0
Milan,Zagreb,32.2,93.86,641.0
Milan,Frankfurt,4.2,96.91,663.0
Milan,Seville,91.3,287.51,1972.0
Milan,Zaragoza,91.3,183.04,1255.0
Milan,Helsinki,0.0,383.37,2547.0
Milan,Wrocław,4.2,171.48,1176.0
Milan,Rotterdam,21.7,151.4,1038.0
Milan,Copenhagen,31.15,230.86,1583.0
Milan,Łódź,4.2,203.45,1395.0
Milan,Athens,114.75,310.12,2127.0
Milan,Stuttgart,4.2,74.01,505.0
Milan,Düsseldorf,4.2,126.04,864.0
Milan,Palermo,73.4,211.51,1444.0
Sofia,Berlin,41.29,327.18,1635.0
Sofia,Madrid,311.64,599.05,2999.0
Sofia,Rome,173.05,341.72,1706.0
Sofia,Paris,0.0,440.54,2203.0
Sofia,Vienna,41.29,201.02,1005.0
Sofia,Warsaw,41.29,324.73,1626.0
Sofia,Hamburg,41.29,385.22,1927.0
Sofia,Bucharest,0.0,84.12,412.0
Sofia,Barcelona,311.64,482.56,2413.0
Sofia,Budapest,41.29,154.0,769.0
Sofia,Munich,0.0,271.95,1358.0
Sofia,Prague,41.29,258.09,1291.0
Sofia,Milan,131.75,290.94,1452.0
Sofia,Cologne,0.0,380.77,1901.0
Sofia,Stockholm,0.0,604.26,3025.0
Sofia,Amsterdam,0.0,432.28,2157.0
Sofia,Naples,204.56,380.05,1900.0
Sofia,Marseille,242.54,389.75,1948.0
Sofia,Turin,166.79,316.3,1579.0
Sofia,Valencia,311.64,550.01,2753.0
Sofia,Kraków,41.29,235.06,1158.0
Sofia,Zagreb,68.72,163.71,813.0
Sofia,Frankfurt,0.0,344.63,1720.0
Sofia,Seville,311.64,679.34,3402.0
Sofia,Zaragoza,311.64,536.42,2685.0
Sofia,Helsinki,41.29,543.86,2697.0
Sofia,Wrocław,41.29,277.21,1375.0
Sofia,Rotterdam,0.0,433.71,2163.0
Sofia,Copenhagen,94.03,476.75,2384.0
Sofia,Łódź,41.29,306.04,1532.0
Sofia,Athens,72.03,159.06,793.0
Sofia,Stuttgart,0.0,318.63,1591.0
Sofia,Düsseldorf,0.0,388.54,1940.0
Sofia,Palermo,229.81,516.51,2572.0
Cologne,Berlin,0.0,80.48,575.0
Cologne,Madrid,113.9,245.12,1759.0
Cologne,Rome,50.2,196.32,1406.0
Cologne,Paris,16.2,69.07,493.0
Cologne,Vienna,0.0,125.63,899.0
Cologne,Warsaw,28.56,155.97,1119.0
Cologne,Hamburg,0.0,60.79,434.0
Cologne,Bucharest,0.0,277.74,1975.0
Cologne,Barcelona,90.4,187.89,1346.0
Cologne,Budapest,0.0,160.1,1149.0
Cologne,Munich,0.0,80.62,577.0
Cologne,Prague,0.0,97.1,695.0
Cologne,Milan,4.2,115.23,826.0
Cologne,Sofia,0.0,259.11,1859.0
Cologne,Stockholm,0.0,215.9,1549.0
Cologne,Amsterdam,0.0,38.21,272.0
Cologne,Naples,66.4,222.95,1601.0
Cologne,Marseille,64.5,142.58,1022.0
Cologne,Turin,0.0,126.06,901.0
Cologne,Valencia,90.4,235.27,1688.0
Cologne,Kraków,7.62,151.56,1087.0
Cologne,Zagreb,0.0,150.55,1079.0
Cologne,Frankfurt,0.0,26.76,190.0
Cologne,Seville,113.9,308.81,2217.0
Cologne,Zaragoza,122.41,218.06,1564.0
Cologne,Helsinki,0.0,457.65,3284.0
Cologne,Wrocław,0.0,116.93,838.0
Cologne,Rotterdam,0.0,36.47,258.0
Cologne,Copenhagen,26.95,126.8,908.0
Cologne,Łódź,28.56,140.61,1006.0
Cologne,Athens,0.0,357.37,2567.0
Cologne,Stuttgart,0.0,51.44,367.0
Cologne,Düsseldorf,0.0,6.29,42.0
Cologne,Palermo,79.2,318.26,2272.0
Stockholm,Berlin,1010.61,1861.35,1397.0
Stockholm,Madrid,2260.09,4356.45,3276.0
Stockholm,Rome,0.0,3700.13,2779.0
Stockholm,Paris,1188.32,2670.88,2008.0
Stockholm,Vienna,1010.61,2735.47,2049.0
Stockholm,Warsaw,1323.92,2615.19,1965.0
Stockholm,Hamburg,1010.61,1488.58,1118.0
Stockholm,Bucharest,1010.61,4146.13,3108.0
Stockholm,Barcelona,1991.31,3897.71,2931.0
Stockholm,Budapest,1010.61,3035.96,2282.0
Stockholm,Munich,1010.61,2538.59,1909.0
Stockholm,Prague,1010.61,2335.23,1756.0
Stockholm,Milan,1056.69,2960.02,2225.0
Stockholm,Sofia,1242.02,4048.06,3043.0
Stockholm,Cologne,1010.61,2036.0,1531.0
Stockholm,Amsterdam,1010.61,2090.06,1572.0
Stockholm,Naples,0.0,3961.34,2978.0
Stockholm,Marseille,1707.19,3463.72,2605.0
Stockholm,Turin,1301.31,3122.41,2347.0
Stockholm,Valencia,1991.31,4348.77,3271.0
Stockholm,Kraków,1094.17,2646.12,1987.0
Stockholm,Zagreb,0.0,3187.86,2397.0
Stockholm,Frankfurt,1010.61,2137.21,1607.0
Stockholm,Seville,2260.09,4964.77,3734.0
Stockholm,Zaragoza,2353.44,4095.84,3079.0
Stockholm,Helsinki,0.0,2347.47,1764.0
Stockholm,Wrocław,1010.61,2314.27,1738.0
Stockholm,Rotterdam,1010.61,2135.4,1606.0
Stockholm,Copenhagen,715.0,873.16,654.0
Stockholm,Łódź,1323.92,2466.67,1851.0
Stockholm,Athens,1709.41,4981.97,3747.0
Stockholm,Stuttgart,1010.61,2357.7,1771.0
Stockholm,Düsseldorf,1010.61,2003.61,1507.0
Stockholm,Palermo,0.0,4857.53,3646.0
Amsterdam,Berlin,0.0,103.62,658.0
Amsterdam,Madrid,116.6,279.0,1780.0
Amsterdam,Rome,50.2,259.9,1656.0
Amsterdam,Paris,18.9,80.94,514.0
Amsterdam,Vienna,0.0,180.53,1149.0
Amsterdam,Warsaw,28.56,188.69,1202.0
Amsterdam,Hamburg,0.0,73.48,467.0
Amsterdam,Bucharest,0.0,351.76,2225.0
Amsterdam,Barcelona,88.5,241.81,1541.0
Amsterdam,Budapest,0.0,219.29,1399.0
Amsterdam,Munich,0.0,129.87,827.0
Amsterdam,Prague,0.0,138.0,879.0
Amsterdam,Milan,4.2,168.82,1076.0
Amsterdam,Sofia,0.0,331.12,2111.0
Amsterdam,Cologne,0.0,41.42,262.0
Amsterdam,Stockholm,0.0,246.24,1571.0
Amsterdam,Naples,66.4,289.98,1851.0
Amsterdam,Marseille,64.5,194.18,1237.0
Amsterdam,Turin,0.0,181.01,1151.0
Amsterdam,Valencia,88.5,294.74,1881.0
Amsterdam,Kraków,7.62,191.42,1220.0
Amsterdam,Zagreb,0.0,209.04,1332.0
Amsterdam,Frankfurt,0.0,69.28,440.0
Amsterdam,Seville,116.6,350.65,2238.0
Amsterdam,Zaragoza,125.11,248.55,1585.0
Amsterdam,Helsinki,0.0,522.08,3332.0
Amsterdam,Wrocław,0.0,152.27,971.0
Amsterdam,Rotterdam,0.0,12.64,78.0
Amsterdam,Copenhagen,26.95,145.99,930.0
Amsterdam,Łódź,28.56,171.25,1089.0
Amsterdam,Athens,0.0,441.17,2817.0
Amsterdam,Stuttgart,0.0,97.05,617.0
Amsterdam,Düsseldorf,0.0,35.52,224.0
Amsterdam,Palermo,79.2,397.15,2522.0
Naples,Berlin,0.0,248.21,1703.0
Naples,Madrid,141.4,314.07,2156.0
Naples,Rome,17.4,34.0,230.0
Naples,Paris,0.0,236.71,1621.0
Naples,Vienna,75.9,189.16,1298.0
Naples,Warsaw,75.9,286.58,1963.0
Naples,Hamburg,0.0,271.36,1861.0
Naples,Bucharest,94.23,304.85,2076.0
Naples,Barcelona,141.4,228.12,1564.0
Naples,Budapest,68.4,206.54,1418.0
Naples,Munich,0.0,162.81,1117.0
Naples,Prague,0.0,218.99,1502.0
Naples,Milan,60.6,112.79,773.0
Naples,Sofia,106.53,272.76,1872.0
Naples,Cologne,66.4,232.96,1600.0
Naples,Stockholm,0.0,444.91,3057.0
Naples,Amsterdam,66.4,269.75,1852.0
Naples,Marseille,106.1,160.3,1099.0
Naples,Turin,75.8,129.98,891.0
Naples,Valencia,141.4,277.32,1904.0
Naples,Kraków,83.52,255.32,1749.0
Naples,Zagreb,69.4,158.87,1089.0
Naples,Frankfurt,66.4,209.5,1438.0
Naples,Seville,141.4,371.89,2553.0
Naples,Zaragoza,141.4,267.45,1836.0
Naples,Helsinki,0.0,481.28,3212.0
Naples,Wrocław,0.0,268.45,1844.0
Naples,Rotterdam,86.7,263.85,1810.0
Naples,Copenhagen,0.0,351.83,2416.0
Naples,Łódź,75.9,272.86,1869.0
Naples,Athens,149.15,375.18,2577.0
Naples,Stuttgart,0.0,186.88,1279.0
Naples,Düsseldorf,66.4,238.62,1638.0
Naples,Palermo,12.4,102.22,692.0
Marseille,Berlin,63.5,215.58,1538.0
Marseille,Madrid,35.3,153.02,1092.0
Marseille,Rome,80.7,124.34,886.0
Marseille,Paris,68.9,108.8,775.0
Marseille,Vienna,99.6,189.06,1348.0
Marseille,Warsaw,63.5,286.37,2044.0
Marseille,Hamburg,63.5,208.38,1488.0
Marseille,Bucharest,117.93,299.98,2125.0
Marseille,Barcelona,35.3,71.06,506.0
Marseille,Budapest,92.1,205.76,1469.0
Marseille,Munich,53.6,146.32,1042.0
Marseille,Prague,63.5,194.98,1390.0
Marseille,Milan,60.3,73.55,523.0
Marseille,Sofia,130.23,269.16,1920.0
Marseille,Cologne,64.5,144.8,1033.0
Marseille,Stockholm,155.63,364.42,2604.0
Marseille,Amsterdam,64.5,172.83,1232.0
Marseille,Naples,110.3,154.51,1102.0
Marseille,Turin,29.3,53.31,373.0
Marseille,Valencia,35.3,118.58,846.0
Marseille,Kraków,107.22,252.72,1800.0
Marseille,Zagreb,93.1,159.98,1140.0
Marseille,Frankfurt,63.5,140.45,1002.0
Marseille,Seville,35.3,209.52,1495.0
Marseille,Zaragoza,35.3,109.01,778.0
Marseille,Helsinki,128.68,420.78,2922.0
Marseille,Wrocław,63.5,235.03,1679.0
Marseille,Rotterdam,77.1,163.23,1164.0
Marseille,Copenhagen,90.45,274.87,1963.0
Marseille,Łódź,63.5,265.81,1898.0
Marseille,Athens,172.85,367.65,2626.0
Marseille,Stuttgart,63.5,130.93,933.0
Marseille,Düsseldorf,64.5,149.02,1064.0
Marseille,Palermo,123.2,250.21,1774.0
Turin,Berlin,25.0,168.51,1154.0
Turin,Madrid,0.0,213.17,1460.0
Turin,Rome,46.1,95.7,654.0
Turin,Paris,0.0,113.58,776.0
Turin,Vienna,56.6,141.99,973.0
Turin,Warsaw,56.6,239.56,1642.0
Turin,Hamburg,25.0,179.11,1227.0
Turin,Bucharest,74.93,257.66,1752.0
Turin,Barcelona,0.0,127.06,868.0
Turin,Budapest,49.1,159.76,1095.0
Turin,Munich,25.0,89.32,610.0
Turin,Prague,25.0,144.17,986.0
Turin,Milan,17.9,21.31,143.0
Turin,Sofia,87.23,225.66,1547.0
Turin,Cologne,0.0,131.67,899.0
Turin,Stockholm,0.0,341.26,2343.0
Turin,Amsterdam,0.0,168.94,1155.0
Turin,Naples,75.8,130.01,891.0
Turin,Marseille,29.3,55.61,372.0
Turin,Valencia,0.0,176.48,1209.0
Turin,Kraków,64.22,208.42,1428.0
Turin,Zagreb,50.1,112.06,766.0
Turin,Frankfurt,0.0,108.2,737.0
Turin,Seville,0.0,271.0,1858.0
Turin,Zaragoza,0.0,166.53,1140.0
Turin,Helsinki,0.0,399.8,2657.0
Turin,Wrocław,25.0,188.77,1294.0
Turin,Rotterdam,0.0,168.84,1155.0
Turin,Copenhagen,51.95,248.16,1702.0
Turin,Łódź,25.0,220.74,1513.0
Turin,Athens,129.85,328.11,2252.0
Turin,Stuttgart,25.0,91.3,624.0
Turin,Düsseldorf,0.0,137.32,937.0
Turin,Palermo,88.7,228.84,1563.0
Valencia,Berlin,89.4,273.96,2205.0
Valencia,Madrid,0.0,44.62,357.0
Valencia,Rome,112.0,209.19,1683.0
Valencia,Paris,69.6,171.05,1373.0
Valencia,Vienna,77.7,266.85,2143.0
Valencia,Warsaw,89.4,335.38,2701.0
Valencia,Hamburg,89.4,267.64,2155.0
Valencia,Bucharest,149.23,364.7,2924.0
Valencia,Barcelona,13.08,43.59,350.0
Valencia,Budapest,123.4,281.35,2266.0
Valencia,Munich,77.7,212.57,1709.0
Valencia,Prague,89.4,255.79,2058.0
Valencia,Milan,91.6,164.09,1320.0
Valencia,Sofia,161.53,337.77,2720.0
Valencia,Cologne,90.4,211.52,1700.0
Valencia,Stockholm,181.53,405.96,3271.0
Valencia,Amsterdam,88.5,235.12,1882.0
Valencia,Naples,141.6,235.94,1899.0
Valencia,Marseille,35.3,105.15,846.0
Valencia,Turin,0.0,150.28,1208.0
Valencia,Kraków,97.02,321.1,2586.0
Valencia,Zagreb,124.4,240.73,1937.0
Valencia,Frankfurt,89.4,207.34,1669.0
Valencia,Seville,0.0,81.97,658.0
Valencia,Zaragoza,0.0,38.65,309.0
Valencia,Helsinki,0.0,625.3,5036.0
Valencia,Wrocław,89.4,291.2,2346.0
Valencia,Rotterdam,88.5,227.36,1820.0
Valencia,Copenhagen,116.35,326.52,2629.0
Valencia,Łódź,89.4,318.46,2565.0
Valencia,Athens,204.15,425.11,3425.0
Valencia,Stuttgart,89.4,198.94,1601.0
Valencia,Düsseldorf,90.4,215.01,1731.0
Valencia,Palermo,154.5,321.06,2572.0
Kraków,Berlin,32.0,300.55,597.0
Kraków,Madrid,491.22,1392.0,2779.0
Kraków,Rome,283.25,780.96,1554.0
Kraków,Paris,174.01,774.13,1544.0
Kraków,Vienna,32.0,234.29,464.0
Kraków,Warsaw,0.0,152.78,300.0
Kraków,Hamburg,32.0,443.65,883.0
Kraków,Bucharest,0.0,546.17,1053.0
Kraków,Barcelona,407.61,1128.48,2251.0
Kraków,Budapest,0.0,207.69,393.0
Kraków,Munich,32.0,421.2,835.0
Kraków,Prague,32.0,270.61,537.0
Kraków,Milan,194.6,654.69,1304.0
Kraków,Sofia,88.63,592.35,1162.0
Kraków,Cologne,32.0,545.0,1086.0
Kraków,Stockholm,0.0,995.47,1986.0
Kraków,Amsterdam,32.0,612.82,1221.0
Kraków,Naples,350.89,878.83,1752.0
Kraków,Marseille,449.2,906.99,1807.0
Kraków,Turin,269.81,716.48,1427.0
Kraków,Valencia,407.61,1296.78,2589.0
Kraków,Zagreb,58.89,417.17,828.0
Kraków,Frankfurt,32.0,490.03,976.0
Kraków,Seville,407.61,1622.05,3238.0
Kraków,Zaragoza,407.61,1262.85,2521.0
Kraków,Helsinki,0.0,707.86,1380.0
Kraków,Wrocław,32.0,140.77,278.0
Kraków,Rotterdam,32.0,629.95,1256.0
Kraków,Copenhagen,145.22,675.03,1345.0
Kraków,Łódź,32.0,143.35,279.0
Kraków,Athens,267.63,944.9,1867.0
Kraków,Stuttgart,32.0,510.92,1017.0
Kraków,Düsseldorf,32.0,550.24,1096.0
Kraków,Palermo,405.09,1221.93,2424.0
Zagreb,Berlin,0.0,127.42,1007.0
Zagreb,Madrid,124.1,274.72,2193.0
Zagreb,Rome,53.3,112.75,896.0
Zagreb,Paris,0.0,175.2,1397.0
Zagreb,Vienna,6.4,49.86,388.0
Zagreb,Warsaw,6.4,133.51,1057.0
Zagreb,Hamburg,0.0,163.28,1297.0
Zagreb,Bucharest,24.83,125.87,991.0
Zagreb,Barcelona,124.1,201.57,1607.0
Zagreb,Budapest,6.4,43.82,345.0
Zagreb,Munich,0.0,69.61,552.0
Zagreb,Prague,0.0,84.26,662.0
Zagreb,Milan,32.2,81.48,646.0
Zagreb,Sofia,37.13,99.1,786.0
Zagreb,Cologne,0.0,137.95,1094.0
Zagreb,Stockholm,0.0,306.51,2444.0
Zagreb,Amsterdam,0.0,169.56,1347.0
Zagreb,Naples,69.4,137.36,1094.0
Zagreb,Marseille,88.8,143.42,1142.0
Zagreb,Turin,50.1,96.89,770.0
Zagreb,Valencia,124.1,243.9,1947.0
Zagreb,Kraków,14.02,106.84,843.0
Zagreb,Frankfurt,0.0,115.3,913.0
Zagreb,Seville,124.1,325.03,2596.0
Zagreb,Zaragoza,124.1,235.42,1879.0
Zagreb,Helsinki,6.4,270.95,2140.0
Zagreb,Wrocław,6.4,102.95,807.0
Zagreb,Rotterdam,0.0,171.15,1360.0
Zagreb,Copenhagen,0.0,226.57,1803.0
Zagreb,Łódź,6.4,121.9,963.0
Zagreb,Athens,79.75,186.92,1490.0
Zagreb,Stuttgart,0.0,98.82,785.0
Zagreb,Düsseldorf,0.0,142.81,1133.0
Zagreb,Palermo,82.3,222.2,1766.0
Frankfurt,Berlin,0.0,79.0,563.0
Frankfurt,Madrid,148.9,259.15,1860.0
Frankfurt,Rome,50.2,173.5,1243.0
Frankfurt,Paris,33.8,80.57,575.0
Frankfurt,Vienna,0.0,100.36,717.0
Frankfurt,Warsaw,0.0,153.16,1098.0
Frankfurt,Hamburg,0.0,72.48,516.0
Frankfurt,Bucharest,0.0,251.74,1793.0
Frankfurt,Barcelona,89.4,185.8,1333.0
Frankfurt,Budapest,0.0,134.75,967.0
Frankfurt,Munich,0.0,55.37,395.0
Frankfurt,Prague,0.0,71.87,513.0
Frankfurt,Milan,4.2,93.25,668.0
Frankfurt,Sofia,0.0,233.81,1677.0
Frankfurt,Cologne,0.0,26.97,191.0
Frankfurt,Stockholm,0.0,227.67,1632.0
Frankfurt,Amsterdam,0.0,62.14,443.0
Frankfurt,Naples,66.4,200.91,1442.0
Frankfurt,Marseille,63.5,140.33,1007.0
Frankfurt,Turin,0.0,104.15,742.0
Frankfurt,Valencia,89.4,233.06,1674.0
Frankfurt,Kraków,7.62,138.38,991.0
Frankfurt,Zagreb,0.0,125.2,897.0
Frankfurt,Seville,148.9,322.83,2318.0
Frankfurt,Zaragoza,89.4,223.54,1605.0
Frankfurt,Helsinki,28.56,305.45,2159.0
Frankfurt,Wrocław,0.0,103.72,742.0
Frankfurt,Rotterdam,0.0,63.43,453.0
Frankfurt,Copenhagen,26.95,138.57,991.0
Frankfurt,Łódź,0.0,134.22,961.0
Frankfurt,Athens,0.0,331.72,2382.0
Frankfurt,Stuttgart,0.0,29.56,208.0
Frankfurt,Düsseldorf,0.0,32.36,229.0
Frankfurt,Palermo,79.2,295.68,2114.0
Seville,Berlin,113.9,345.58,2779.0
Seville,Madrid,0.0,65.77,528.0
Seville,Rome,112.0,289.78,2331.0
Seville,Paris,97.7,215.47,1732.0
Seville,Vienna,77.7,347.44,2792.0
Seville,Warsaw,142.46,412.9,3323.0
Seville,Hamburg,113.9,328.12,2637.0
Seville,Bucharest,149.23,445.15,3574.0
Seville,Barcelona,13.08,124.28,999.0
Seville,Budapest,123.4,362.07,2915.0
Seville,Munich,77.7,293.27,2358.0
Seville,Prague,108.4,335.65,2702.0
Seville,Milan,91.6,244.72,1969.0
Seville,Sofia,161.53,418.43,3369.0
Seville,Cologne,113.9,275.53,2214.0
Seville,Stockholm,206.03,466.24,3753.0
Seville,Amsterdam,116.6,277.97,2233.0
Seville,Naples,141.6,316.63,2549.0
Seville,Marseille,35.3,185.84,1495.0
Seville,Turin,0.0,230.99,1857.0
Seville,Valencia,0.0,82.15,659.0
Seville,Kraków,116.02,401.3,3230.0
Seville,Zagreb,124.4,321.49,2586.0
Seville,Frankfurt,148.9,287.49,2316.0
Seville,Zaragoza,3.2,104.9,844.0
Seville,Helsinki,0.0,682.03,5486.0
Seville,Wrocław,108.4,371.05,2989.0
Seville,Rotterdam,116.6,270.15,2171.0
Seville,Copenhagen,140.85,386.79,3112.0
Seville,Łódź,108.4,398.3,3208.0
Seville,Athens,204.15,505.74,4073.0
Seville,Stuttgart,108.4,278.79,2244.0
Seville,Düsseldorf,113.9,276.51,2223.0
Seville,Palermo,154.5,401.52,3219.0
Zaragoza,Berlin,89.4,265.55,2137.0
Zaragoza,Madrid,0.45,40.24,321.0
Zaragoza,Rome,112.0,200.77,1615.0
Zaragoza,Paris,106.21,134.1,1078.0
Zaragoza,Vienna,77.7,258.37,2075.0
Zaragoza,Warsaw,89.4,327.22,2633.0
Zaragoza,Hamburg,122.41,246.33,1983.0
Zaragoza,Bucharest,149.23,356.62,2856.0
Zaragoza,Barcelona,0.0,38.7,308.0
Zaragoza,Budapest,123.4,272.95,2198.0
Zaragoza,Munich,77.7,204.14,1641.0
Zaragoza,Prague,89.4,247.31,1989.0
Zaragoza,Milan,91.6,155.69,1252.0
Zaragoza,Sofia,161.53,329.51,2652.0
Zaragoza,Cologne,122.41,193.99,1560.0
Zaragoza,Stockholm,0.0,384.73,3099.0
Zaragoza,Amsterdam,125.11,196.24,1579.0
Zaragoza,Naples,141.6,227.56,1831.0
Zaragoza,Marseille,35.3,96.75,778.0
Zaragoza,Turin,0.0,141.87,1140.0
Zaragoza,Valencia,0.0,39.26,314.0
Zaragoza,Kraków,97.02,312.76,2518.0
Zaragoza,Zagreb,124.4,232.36,1869.0
Zaragoza,Frankfurt,89.4,198.92,1601.0
Zaragoza,Seville,3.2,105.99,852.0
Zaragoza,Helsinki,0.0,599.99,4832.0
Zaragoza,Wrocław,89.4,282.82,2278.0
Zaragoza,Rotterdam,125.11,188.47,1516.0
Zaragoza,Copenhagen,149.36,305.3,2457.0
Zaragoza,Łódź,89.4,310.12,2497.0
Zaragoza,Athens,204.15,416.64,3356.0
Zaragoza,Stuttgart,89.4,190.48,1532.0
Zaragoza,Düsseldorf,122.41,194.93,1569.0
Zaragoza,Palermo,154.5,312.62,2503.0
Helsinki,Berlin,0.0,449.65,3154.0
Helsinki,Madrid,0.0,716.13,5029.0
Helsinki,Rome,0.0,646.98,4539.0
Helsinki,Paris,0.0,535.81,3761.0
Helsinki,Vienna,0.0,548.24,3846.0
Helsinki,Warsaw,0.0,157.84,1074.0
Helsinki,Hamburg,65.18,217.93,1445.0
Helsinki,Bucharest,0.0,695.24,4865.0
Helsinki,Barcelona,0.0,667.82,4688.0
Helsinki,Budapest,0.0,575.45,4039.0
Helsinki,Munich,0.0,522.39,3666.0
Helsinki,Prague,0.0,500.57,3513.0
Helsinki,Milan,0.0,567.45,3983.0
Helsinki,Sofia,0.0,684.03,4801.0
Helsinki,Cologne,0.0,468.54,3288.0
Helsinki,Stockholm,0.0,251.18,1760.0
Helsinki,Amsterdam,0.0,474.4,3329.0
Helsinki,Naples,0.0,674.66,4735.0
Helsinki,Marseille,0.0,621.19,4362.0
Helsinki,Turin,0.0,584.05,4099.0
Helsinki,Valencia,0.0,715.98,5029.0
Helsinki,Kraków,0.0,201.22,1381.0
Helsinki,Zagreb,0.0,591.98,4155.0
Helsinki,Frankfurt,0.0,479.63,3366.0
Helsinki,Seville,0.0,781.3,5488.0
Helsinki,Zaragoza,0.0,687.9,4830.0
Helsinki,Wrocław,0.0,207.11,1423.0
Helsinki,Rotterdam,0.0,479.27,3364.0
Helsinki,Copenhagen,0.0,344.06,2411.0
Helsinki,Łódź,0.0,175.33,1197.0
Helsinki,Athens,0.0,784.02,5505.0
Helsinki,Stuttgart,0.0,502.94,3529.0
Helsinki,Düsseldorf,28.56,312.42,2163.0
Helsinki,Palermo,0.0,600.85,4139.0
Wrocław,Berlin,0.0,173.68,344.0
Wrocław,Madrid,610.06,1291.3,2575.0
Wrocław,Rome,0.0,824.97,1644.0
Wrocław,Paris,142.01,647.23,1291.0
Wrocław,Vienna,0.0,219.32,423.0
Wrocław,Warsaw,0.0,181.95,360.0
Wrocław,Hamburg,0.0,317.06,630.0
Wrocław,Bucharest,32.0,677.23,1321.0
Wrocław,Barcelona,375.61,1004.63,2005.0
Wrocław,Budapest,0.0,312.58,611.0
Wrocław,Munich,0.0,363.69,724.0
Wrocław,Prague,0.0,146.56,281.0
Wrocław,Milan,17.64,588.49,1173.0
Wrocław,Sofia,88.63,694.23,1372.0
Wrocław,Cologne,0.0,418.12,833.0
Wrocław,Stockholm,0.0,868.84,1734.0
Wrocław,Amsterdam,0.0,485.88,969.0
Wrocław,Naples,0.0,922.65,1842.0
Wrocław,Marseille,266.79,839.57,1677.0
Wrocław,Turin,105.04,646.86,1290.0
Wrocław,Valencia,375.61,1172.93,2343.0
Wrocław,Kraków,32.0,139.38,275.0
Wrocław,Zagreb,26.89,402.09,788.0
Wrocław,Frankfurt,0.0,363.09,723.0
Wrocław,Seville,375.61,1497.93,2992.0
Wrocław,Zaragoza,375.61,1138.96,2275.0
Wrocław,Helsinki,0.0,738.83,1453.0
Wrocław,Rotterdam,0.0,503.01,1004.0
Wrocław,Copenhagen,113.22,548.35,1093.0
Wrocław,Łódź,0.0,113.63,223.0
Wrocław,Athens,267.63,1046.66,2078.0
Wrocław,Stuttgart,0.0,387.25,771.0
Wrocław,Düsseldorf,0.0,423.29,844.0
Wrocław,Palermo,0.0,1265.62,2514.0
Rotterdam,Berlin,0.0,108.98,693.0
Rotterdam,Madrid,113.7,271.04,1722.0
Rotterdam,Rome,67.7,254.88,1618.0
Rotterdam,Paris,18.9,71.87,450.0
Rotterdam,Vienna,0.0,182.74,1163.0
Rotterdam,Warsaw,28.56,193.87,1237.0
Rotterdam,Hamburg,0.0,78.73,501.0
Rotterdam,Bucharest,0.0,353.56,2239.0
Rotterdam,Barcelona,88.5,232.57,1476.0
Rotterdam,Budapest,0.0,221.46,1413.0
Rotterdam,Munich,0.0,132.1,841.0
Rotterdam,Prague,0.0,143.35,913.0
Rotterdam,Milan,21.7,164.12,1041.0
Rotterdam,Sofia,0.0,333.24,2125.0
Rotterdam,Cologne,0.0,43.68,276.0
Rotterdam,Stockholm,0.0,251.57,1605.0
Rotterdam,Amsterdam,0.0,12.87,79.0
Rotterdam,Naples,83.9,285.32,1815.0
Rotterdam,Marseille,77.1,183.3,1165.0
Rotterdam,Turin,0.0,182.34,1156.0
Rotterdam,Valencia,88.5,285.69,1817.0
Rotterdam,Kraków,7.62,196.62,1254.0
Rotterdam,Zagreb,0.0,210.7,1343.0
Rotterdam,Frankfurt,0.0,71.52,454.0
Rotterdam,Seville,113.7,342.65,2180.0
Rotterdam,Zaragoza,122.21,240.23,1524.0
Rotterdam,Helsinki,0.0,316.58,1935.0
Rotterdam,Wrocław,0.0,157.63,1005.0
Rotterdam,Copenhagen,26.95,151.35,964.0
Rotterdam,Łódź,28.56,176.47,1123.0
Rotterdam,Athens,0.0,443.2,2830.0
Rotterdam,Stuttgart,0.0,99.29,631.0
Rotterdam,Düsseldorf,0.0,36.37,228.0
Rotterdam,Palermo,96.7,392.57,2487.0
Copenhagen,Berlin,201.0,900.69,752.0
Copenhagen,Madrid,1028.94,3127.98,2630.0
Copenhagen,Rome,0.0,2547.7,2138.0
Copenhagen,Paris,321.84,1618.71,1358.0
Copenhagen,Vienna,201.0,1722.66,1444.0
Copenhagen,Warsaw,414.04,1572.2,1320.0
Copenhagen,Hamburg,201.0,570.01,473.0
Copenhagen,Bucharest,201.0,2951.66,2464.0
Copenhagen,Barcelona,867.83,2720.22,2286.0
Copenhagen,Budapest,201.0,1949.77,1637.0
Copenhagen,Munich,201.0,1506.99,1264.0
Copenhagen,Prague,201.0,1325.16,1111.0
Copenhagen,Milan,232.33,1883.03,1581.0
Copenhagen,Sofia,358.34,2854.9,2399.0
Copenhagen,Cologne,201.0,1058.23,886.0
Copenhagen,Stockholm,486.17,777.98,652.0
Copenhagen,Amsterdam,201.0,1107.07,927.0
Copenhagen,Naples,0.0,2775.93,2333.0
Copenhagen,Marseille,674.64,2331.86,1960.0
Copenhagen,Turin,387.47,2020.97,1697.0
Copenhagen,Valencia,867.83,3121.85,2626.0
Copenhagen,Kraków,257.82,1598.91,1342.0
Copenhagen,Zagreb,0.0,2087.9,1753.0
Copenhagen,Frankfurt,201.0,1150.61,964.0
Copenhagen,Seville,1028.94,3670.75,3088.0
Copenhagen,Zaragoza,1092.41,2895.07,2433.0
Copenhagen,Helsinki,0.0,2867.83,2413.0
Copenhagen,Wrocław,201.0,1303.33,1093.0
Copenhagen,Rotterdam,201.0,1147.54,962.0
Copenhagen,Łódź,414.04,1440.51,1207.0
Copenhagen,Athens,676.12,3687.25,3103.0
Copenhagen,Stuttgart,201.0,1344.86,1127.0
Copenhagen,Düsseldorf,201.0,1027.81,860.0
Copenhagen,Palermo,0.0,3586.74,3004.0
Łódź,Berlin,120.0,236.55,467.0
Łódź,Madrid,610.06,1404.72,2802.0
Łódź,Rome,251.25,840.98,1673.0
Łódź,Paris,142.01,758.4,1512.0
Łódź,Vienna,0.0,293.64,582.0
Łódź,Warsaw,0.0,72.09,137.0
Łódź,Hamburg,120.0,377.3,749.0
Łódź,Bucharest,32.0,680.02,1325.0
Łódź,Barcelona,375.61,1115.95,2226.0
Łódź,Budapest,0.0,353.27,694.0
Łódź,Munich,0.0,474.84,945.0
Łódź,Prague,0.0,256.92,501.0
Łódź,Milan,17.64,699.66,1394.0
Łódź,Sofia,88.63,734.95,1455.0
Łódź,Cologne,120.0,506.39,1007.0
Łódź,Stockholm,0.0,929.11,1852.0
Łódź,Amsterdam,120.0,548.6,1091.0
Łódź,Naples,318.89,938.2,1870.0
Łódź,Marseille,266.79,951.04,1898.0
Łódź,Turin,105.04,758.05,1510.0
Łódź,Valencia,375.61,1284.23,2564.0
Łódź,Kraków,32.0,142.34,279.0
Łódź,Zagreb,26.89,476.52,947.0
Łódź,Frankfurt,0.0,474.28,944.0
Łódź,Seville,375.61,1609.52,3213.0
Łódź,Zaragoza,375.61,1250.3,2496.0
Łódź,Helsinki,0.0,628.83,1228.0
Łódź,Wrocław,0.0,113.24,222.0
Łódź,Rotterdam,120.0,565.73,1126.0
Łódź,Copenhagen,233.22,608.65,1211.0
Łódź,Athens,267.63,1087.41,2160.0
Łódź,Stuttgart,0.0,498.45,992.0
Łódź,Düsseldorf,120.0,498.83,992.0
Łódź,Palermo,373.09,1281.03,2542.0
Athens,Berlin,63.71,342.58,2336.0
Athens,Madrid,202.13,541.53,3696.0
Athens,Rome,131.03,353.25,2406.0
Athens,Paris,0.0,426.06,2903.0
Athens,Vienna,63.71,249.95,1705.0
Athens,Warsaw,63.71,340.89,2326.0
Athens,Hamburg,63.71,385.09,2627.0
Athens,Bucharest,0.0,175.45,1192.0
Athens,Barcelona,202.13,455.89,3110.0
Athens,Budapest,63.71,215.65,1469.0
Athens,Munich,0.0,302.02,2058.0
Athens,Prague,63.71,291.96,1992.0
Athens,Milan,109.93,315.94,2152.0
Athens,Sofia,36.8,116.68,792.0
Athens,Cologne,0.0,379.36,2587.0
Athens,Stockholm,155.84,548.92,3748.0
Athens,Amsterdam,0.0,416.33,2840.0
Athens,Naples,147.13,381.39,2601.0
Athens,Marseille,170.83,389.2,2652.0
Athens,Turin,127.83,334.59,2279.0
Athens,Valencia,202.13,505.53,3450.0
Athens,Kraków,63.71,275.64,1861.0
Athens,Zagreb,77.73,222.79,1513.0
Athens,Frankfurt,0.0,352.82,2405.0
Athens,Seville,202.13,600.49,4099.0
Athens,Zaragoza,202.13,495.54,3382.0
Athens,Helsinki,0.0,585.4,3903.0
Athens,Wrocław,63.71,305.87,2075.0
Athens,Rotterdam,0.0,417.7,2849.0
Athens,Copenhagen,90.66,455.29,3107.0
Athens,Łódź,63.71,327.06,2232.0
Athens,Stuttgart,0.0,336.3,2291.0
Athens,Düsseldorf,0.0,385.04,2626.0
Athens,Palermo,160.03,481.31,3271.0
Stuttgart,Berlin,0.0,88.97,634.0
Stuttgart,Madrid,109.3,250.74,1795.0
Stuttgart,Rome,0.0,151.65,1081.0
Stuttgart,Paris,44.1,87.98,622.0
Stuttgart,Vienna,0.0,87.71,624.0
Stuttgart,Warsaw,0.0,157.77,1130.0
Stuttgart,Hamburg,0.0,93.38,664.0
Stuttgart,Bucharest,0.0,238.99,1700.0
Stuttgart,Barcelona,89.4,177.06,1265.0
Stuttgart,Budapest,0.0,122.09,874.0
Stuttgart,Munich,0.0,31.36,219.0
Stuttgart,Prague,0.0,68.34,485.0
Stuttgart,Milan,4.2,70.95,505.0
Stuttgart,Sofia,0.0,218.03,1562.0
Stuttgart,Cologne,0.0,51.7,367.0
Stuttgart,Stockholm,0.0,248.58,1780.0
Stuttgart,Amsterdam,0.0,86.89,620.0
Stuttgart,Naples,0.0,179.06,1280.0
Stuttgart,Marseille,63.5,131.21,935.0
Stuttgart,Turin,25.0,87.18,622.0
Stuttgart,Valencia,89.4,224.32,1605.0
Stuttgart,Kraków,7.62,141.79,1015.0
Stuttgart,Zagreb,0.0,109.47,782.0
Stuttgart,Frankfurt,0.0,29.18,204.0
Stuttgart,Seville,89.4,314.74,2254.0
Stuttgart,Zaragoza,89.4,214.8,1537.0
Stuttgart,Helsinki,0.0,309.66,2191.0
Stuttgart,Wrocław,0.0,108.33,775.0
Stuttgart,Rotterdam,0.0,85.42,609.0
Stuttgart,Copenhagen,26.95,159.48,1139.0
Stuttgart,Łódź,0.0,138.83,994.0
Stuttgart,Athens,0.0,316.04,2268.0
Stuttgart,Düsseldorf,0.0,57.11,406.0
Stuttgart,Palermo,0.0,273.57,1952.0
Düsseldorf,Berlin,0.0,79.23,561.0
Düsseldorf,Madrid,111.0,248.28,1779.0
Düsseldorf,Rome,50.2,200.84,1439.0
Düsseldorf,Paris,16.2,71.24,507.0
Düsseldorf,Vienna,0.0,130.98,936.0
Düsseldorf,Warsaw,28.56,154.66,1105.0
Düsseldorf,Hamburg,0.0,57.37,405.0
Düsseldorf,Bucharest,0.0,282.57,2012.0
Düsseldorf,Barcelona,90.4,192.41,1377.0
Düsseldorf,Budapest,0.0,165.38,1186.0
Düsseldorf,Munich,0.0,85.98,614.0
Düsseldorf,Prague,0.0,102.46,732.0
Düsseldorf,Milan,4.2,120.58,863.0
Düsseldorf,Sofia,0.0,264.44,1896.0
Düsseldorf,Cologne,0.0,5.9,39.0
Düsseldorf,Stockholm,0.0,210.99,1510.0
Düsseldorf,Amsterdam,0.0,33.88,239.0
Düsseldorf,Naples,66.4,228.28,1638.0
Düsseldorf,Marseille,64.5,146.94,1051.0
Düsseldorf,Turin,0.0,131.41,938.0
Düsseldorf,Valencia,90.4,239.62,1717.0
Düsseldorf,Kraków,7.62,157.12,1122.0
Düsseldorf,Zagreb,0.0,155.83,1116.0
Düsseldorf,Frankfurt,0.0,32.16,227.0
Düsseldorf,Seville,111.0,311.96,2237.0
Düsseldorf,Zaragoza,119.51,220.92,1582.0
Düsseldorf,Helsinki,0.0,269.84,1844.0
Düsseldorf,Wrocław,0.0,122.46,873.0
Düsseldorf,Rotterdam,0.0,32.57,230.0
Düsseldorf,Copenhagen,26.95,121.9,869.0
Düsseldorf,Łódź,28.56,139.88,998.0
Düsseldorf,Athens,0.0,362.42,2601.0
Düsseldorf,Stuttgart,0.0,56.84,404.0
Düsseldorf,Palermo,79.2,323.55,2309.0
Palermo,Berlin,0.0,351.42,2379.0
Palermo,Madrid,154.2,416.97,2827.0
Palermo,Rome,30.3,136.01,906.0
Palermo,Paris,0.0,339.89,2297.0
Palermo,Vienna,88.8,291.74,1971.0
Palermo,Warsaw,88.8,390.11,2639.0
Palermo,Hamburg,0.0,376.38,2543.0
Palermo,Bucharest,107.13,407.91,2752.0
Palermo,Barcelona,154.2,330.9,2237.0
Palermo,Budapest,81.3,309.48,2093.0
Palermo,Munich,0.0,265.52,1792.0
Palermo,Prague,0.0,322.15,2178.0
Palermo,Milan,73.4,215.72,1448
Palermo,Sofia,119.51,376.21,2545
Palermo,Cologne,79.2,336.56,2276
Palermo,Stockholm,0.0,549.55,3733
Palermo,Amsterdam,79.2,374.01,2532
Palermo,Naples,12.6,105.74,697
Palermo,Marseille,119.2,262.89,1772
Palermo,Turin,88.7,233.02,1567
Palermo,Valencia,154.5,380.54,2577
Palermo,Kraków,96.44,358.82,2425
Palermo,Zagreb,82.3,262.06,1765
Palermo,Frankfurt,79.2,312.97,2114
Palermo,Seville,154.5,475.58,3226
Palermo,Zaragoza,154.5,370.61,2509
Palermo,Helsinki,0.0,597.87,3989
Palermo,Wrocław,0.0,372.23,2520
Palermo,Rotterdam,99.7,367.93,2489
Palermo,Copenhagen,0.0,455.93,3092
Palermo,Łódź,88.8,376.43,2545
Palermo,Athens,162.13,478.98,3250
Palermo,Stuttgart,0.0,290.31,1955
Palermo,Düsseldorf,79.2,342.25,2314